run_idx,start_idx,end_idx,skip_range,search_skip_layers,total_skip_layers,l2_mean,l2_max,l2_std,value_diff_mean,value_diff_max,anomalies,has_nan,has_inf,has_extremes,always_exclude_layers,always_include_layers
1,29,30,29-30,2,2,0.003065637257845023,0.012941176792621967,0.004539403219256193,0.00045903362480752025,0.012941176792621967,False,False,False,False,,
2,28,29,28-29,2,2,0.0038645539813794436,0.016681137379151396,0.006402449939357517,0.0006775460310329194,0.01568627450980392,False,False,False,False,,
3,30,30,30-30,1,1,0.004354013297234593,0.020596811905992597,0.007430662854824507,0.000750999789031726,0.019799684957737096,False,False,False,False,,
4,17,17,17-17,1,1,0.005139117217536273,0.012941176792621967,0.004907767570260693,0.0009568158702108863,0.012941176792621967,False,False,False,False,,
5,27,27,27-27,1,1,0.00518243894911961,0.02067519754543298,0.007429596764200852,0.0008746242331509757,0.019799684957737096,False,False,False,False,,
6,28,28,28-28,1,1,0.005781258838977254,0.03201477623993388,0.010762847351727436,0.0012960928284805513,0.023529411764705854,False,False,False,False,,
7,17,18,17-18,2,2,0.006030508046420706,0.027707191310210343,0.009366969163627217,0.001340810715460578,0.019799684957737096,False,False,False,False,,
8,27,29,27-29,3,3,0.006191957631590105,0.02462108767429462,0.008766868268122069,0.0013046468709144567,0.023529411764705854,False,False,False,False,,
9,26,28,26-28,3,3,0.006569715994101491,0.037899646528693244,0.012557446393207392,0.0018048882274337163,0.023529411764705854,False,False,False,False,,
10,3,3,3-3,1,1,0.006871843035243417,0.02515786901284356,0.008409195715539055,0.0013081063852751272,0.023529411764705854,False,False,False,False,,
11,26,27,26-27,2,2,0.007111509165937815,0.03405804002990846,0.011295487242406659,0.0018155174726377282,0.023529411764705854,False,False,False,False,,
12,28,30,28-30,3,3,0.007135403365278073,0.04284793245034043,0.014132331120222346,0.0020118791515012905,0.023529411764705854,False,False,False,False,,
13,26,26,26-26,1,1,0.007336728363986266,0.019799684957737096,0.007015239308794089,0.0011749606262219184,0.019799684957737096,False,False,False,False,,
14,6,8,6-8,3,3,0.007875867420828605,0.028810746350824867,0.009534519004784888,0.0020294861910335965,0.01568627450980392,False,False,False,False,,
15,27,30,27-30,4,4,0.007914922685982206,0.04284793245034043,0.013959568237988537,0.0021613389360462085,0.023529411764705854,False,False,False,False,,
16,11,11,11-11,1,1,0.008102708808067785,0.04284793245034043,0.013963234824180732,0.002237402488703637,0.023529411764705854,False,False,False,False,,
17,13,14,13-14,2,2,0.008596817738851485,0.028810746350824867,0.009086668131850259,0.0021344781919187855,0.01568627450980392,False,False,False,False,,
18,20,20,20-20,1,1,0.008812842834692613,0.042405927400866086,0.013525376068049277,0.0023179847210859058,0.023529411764705854,False,False,False,False,,
19,27,28,27-28,2,2,0.008870522412104061,0.04284793245034043,0.013643689336583076,0.00225975330104786,0.023529411764705854,False,False,False,False,,
20,25,26,25-26,2,2,0.009184303323283877,0.014146255670776724,0.0055290177608067655,0.002188507925543049,0.013199789971824694,False,False,False,False,,
21,16,19,16-19,4,4,0.009347492803915208,0.02610689528610667,0.007729809468062454,0.0023645195831596202,0.019799684957737096,False,False,False,False,,
22,22,29,22-29,8,8,0.009878435861333884,0.024995915758129355,0.008899754914951786,0.003029077288960045,0.014663865597936199,False,False,False,False,,
23,17,19,17-19,3,3,0.009912425618020602,0.03567695352573367,0.011233587243072047,0.0021839811221346776,0.023529411764705854,False,False,False,False,,
24,3,4,3-4,2,2,0.010150494690159276,0.04284793245034043,0.013379402127042183,0.002750132586616982,0.023529411764705854,False,False,False,False,,
25,11,15,11-15,5,5,0.01032793991773592,0.04284793245034043,0.013862162684590564,0.0028404518363530913,0.023529411764705854,False,False,False,False,,
26,25,29,25-29,5,5,0.010416478822350713,0.018269816904538952,0.006334512058468507,0.002921217266412412,0.013199789971824694,False,False,False,False,,
27,11,12,11-12,2,2,0.010992225584430793,0.04284793245034043,0.014261101799541796,0.002716319057721888,0.023529411764705854,False,False,False,False,,
28,2,24,2-24,23,23,0.011278307082394638,0.04284793245034043,0.013339134922714838,0.0032420624865006705,0.023529411764705854,False,False,False,False,,
29,26,30,26-30,5,5,0.01129629185345132,0.028810746350824867,0.008906978903593689,0.003283095769520505,0.01568627450980392,False,False,False,False,,
30,17,20,17-20,4,4,0.011484946024680745,0.03229998636278487,0.010400689879623191,0.0020442677393913288,0.02932773119587251,False,False,False,False,,
31,4,11,4-11,8,8,0.011571761898520471,0.028810746350824867,0.008561979297302368,0.003343903218394606,0.01568627450980392,False,False,False,False,,
32,18,19,18-19,2,2,0.01161035854936492,0.03099569982318079,0.010580719080065101,0.00274658866308208,0.023529411764705854,False,False,False,False,,
33,7,9,7-9,3,3,0.011789053976467229,0.03456996866088578,0.010359786809779722,0.0032564019750996845,0.023529411764705854,False,False,False,False,,
34,26,29,26-29,4,4,0.011789290720540689,0.028810746350824867,0.008910893651814453,0.003567717746121631,0.01568627450980392,False,False,False,False,,
35,8,24,8-24,17,17,0.011980647122319135,0.02429653967811345,0.007853832673366362,0.003713426030811665,0.01568627450980392,False,False,False,False,,
36,9,29,9-29,21,21,0.012029281757102783,0.037899646528693244,0.011140475545874513,0.0033244204277128276,0.023529411764705854,False,False,False,False,,
37,18,18,18-18,1,1,0.012070214844052189,0.062088046719270325,0.0196682308045206,0.002940383680736756,0.0549019607843137,False,False,False,False,,
38,7,29,7-29,23,23,0.01207869189944973,0.04284793245034043,0.012481899852638267,0.0031717843761360476,0.023529411764705854,False,False,False,False,,
39,5,17,5-17,13,13,0.012144713860946801,0.025609073587134788,0.008118643333349503,0.0037032388328028564,0.01568627450980392,False,False,False,False,,
40,2,23,2-23,22,22,0.012380640724541599,0.04284793245034043,0.012717186274831762,0.003509827719306136,0.023529411764705854,False,False,False,False,,
41,6,12,6-12,7,7,0.012434682445495341,0.034170118731970574,0.010170297984820201,0.003723463171279637,0.023529411764705854,False,False,False,False,,
42,6,23,6-23,18,18,0.01253750242235414,0.028810746350824867,0.008819718912155926,0.003915840123741473,0.01568627450980392,False,False,False,False,,
43,0,0,0-0,1,1,0.012544922956408062,0.028810746350824867,0.008821035045205023,0.003938949368014011,0.01568627450980392,False,False,False,False,,
44,0,1,0-1,2,2,0.012544922956408062,0.028810746350824867,0.008821035045205023,0.003938949368014011,0.01568627450980392,False,False,False,False,,
45,0,2,0-2,3,3,0.012544922956408062,0.028810746350824867,0.008821035045205023,0.003938949368014011,0.01568627450980392,False,False,False,False,,
46,0,3,0-3,4,4,0.012544922956408062,0.028810746350824867,0.008821035045205023,0.003938949368014011,0.01568627450980392,False,False,False,False,,
47,0,4,0-4,5,5,0.012544922956408062,0.028810746350824867,0.008821035045205023,0.003938949368014011,0.01568627450980392,False,False,False,False,,
48,0,5,0-5,6,6,0.012544922956408062,0.028810746350824867,0.008821035045205023,0.003938949368014011,0.01568627450980392,False,False,False,False,,
49,0,6,0-6,7,7,0.012544922956408062,0.028810746350824867,0.008821035045205023,0.003938949368014011,0.01568627450980392,False,False,False,False,,
50,0,7,0-7,8,8,0.012544922956408062,0.028810746350824867,0.008821035045205023,0.003938949368014011,0.01568627450980392,False,False,False,False,,
51,0,8,0-8,9,9,0.012544922956408062,0.028810746350824867,0.008821035045205023,0.003938949368014011,0.01568627450980392,False,False,False,False,,
52,0,9,0-9,10,10,0.012544922956408062,0.028810746350824867,0.008821035045205023,0.003938949368014011,0.01568627450980392,False,False,False,False,,
53,0,10,0-10,11,11,0.012544922956408062,0.028810746350824867,0.008821035045205023,0.003938949368014011,0.01568627450980392,False,False,False,False,,
54,0,11,0-11,12,12,0.012544922956408062,0.028810746350824867,0.008821035045205023,0.003938949368014011,0.01568627450980392,False,False,False,False,,
55,0,12,0-12,13,13,0.012544922956408062,0.028810746350824867,0.008821035045205023,0.003938949368014011,0.01568627450980392,False,False,False,False,,
56,0,13,0-13,14,14,0.012544922956408062,0.028810746350824867,0.008821035045205023,0.003938949368014011,0.01568627450980392,False,False,False,False,,
57,0,14,0-14,15,15,0.012544922956408062,0.028810746350824867,0.008821035045205023,0.003938949368014011,0.01568627450980392,False,False,False,False,,
58,0,15,0-15,16,16,0.012544922956408062,0.028810746350824867,0.008821035045205023,0.003938949368014011,0.01568627450980392,False,False,False,False,,
59,0,16,0-16,17,17,0.012544922956408062,0.028810746350824867,0.008821035045205023,0.003938949368014011,0.01568627450980392,False,False,False,False,,
60,0,17,0-17,18,18,0.012544922956408062,0.028810746350824867,0.008821035045205023,0.003938949368014011,0.01568627450980392,False,False,False,False,,
61,0,18,0-18,19,19,0.012544922956408062,0.028810746350824867,0.008821035045205023,0.003938949368014011,0.01568627450980392,False,False,False,False,,
62,0,19,0-19,20,20,0.012544922956408062,0.028810746350824867,0.008821035045205023,0.003938949368014011,0.01568627450980392,False,False,False,False,,
63,0,20,0-20,21,21,0.012544922956408062,0.028810746350824867,0.008821035045205023,0.003938949368014011,0.01568627450980392,False,False,False,False,,
64,0,21,0-21,22,22,0.012544922956408062,0.028810746350824867,0.008821035045205023,0.003938949368014011,0.01568627450980392,False,False,False,False,,
65,0,22,0-22,23,23,0.012544922956408062,0.028810746350824867,0.008821035045205023,0.003938949368014011,0.01568627450980392,False,False,False,False,,
66,0,23,0-23,24,24,0.012544922956408062,0.028810746350824867,0.008821035045205023,0.003938949368014011,0.01568627450980392,False,False,False,False,,
67,0,24,0-24,25,25,0.012544922956408062,0.028810746350824867,0.008821035045205023,0.003938949368014011,0.01568627450980392,False,False,False,False,,
68,0,25,0-25,26,26,0.012544922956408062,0.028810746350824867,0.008821035045205023,0.003938949368014011,0.01568627450980392,False,False,False,False,,
69,0,26,0-26,27,27,0.012544922956408062,0.028810746350824867,0.008821035045205023,0.003938949368014011,0.01568627450980392,False,False,False,False,,
70,1,1,1-1,1,1,0.012544922956408062,0.028810746350824867,0.008821035045205023,0.003938949368014011,0.01568627450980392,False,False,False,False,,
71,1,2,1-2,2,2,0.012544922956408062,0.028810746350824867,0.008821035045205023,0.003938949368014011,0.01568627450980392,False,False,False,False,,
72,1,3,1-3,3,3,0.012544922956408062,0.028810746350824867,0.008821035045205023,0.003938949368014011,0.01568627450980392,False,False,False,False,,
73,1,4,1-4,4,4,0.012544922956408062,0.028810746350824867,0.008821035045205023,0.003938949368014011,0.01568627450980392,False,False,False,False,,
74,1,5,1-5,5,5,0.012544922956408062,0.028810746350824867,0.008821035045205023,0.003938949368014011,0.01568627450980392,False,False,False,False,,
75,1,6,1-6,6,6,0.012544922956408062,0.028810746350824867,0.008821035045205023,0.003938949368014011,0.01568627450980392,False,False,False,False,,
76,1,7,1-7,7,7,0.012544922956408062,0.028810746350824867,0.008821035045205023,0.003938949368014011,0.01568627450980392,False,False,False,False,,
77,1,8,1-8,8,8,0.012544922956408062,0.028810746350824867,0.008821035045205023,0.003938949368014011,0.01568627450980392,False,False,False,False,,
78,1,9,1-9,9,9,0.012544922956408062,0.028810746350824867,0.008821035045205023,0.003938949368014011,0.01568627450980392,False,False,False,False,,
79,1,10,1-10,10,10,0.012544922956408062,0.028810746350824867,0.008821035045205023,0.003938949368014011,0.01568627450980392,False,False,False,False,,
80,1,11,1-11,11,11,0.012544922956408062,0.028810746350824867,0.008821035045205023,0.003938949368014011,0.01568627450980392,False,False,False,False,,
81,1,12,1-12,12,12,0.012544922956408062,0.028810746350824867,0.008821035045205023,0.003938949368014011,0.01568627450980392,False,False,False,False,,
82,1,13,1-13,13,13,0.012544922956408062,0.028810746350824867,0.008821035045205023,0.003938949368014011,0.01568627450980392,False,False,False,False,,
83,1,14,1-14,14,14,0.012544922956408062,0.028810746350824867,0.008821035045205023,0.003938949368014011,0.01568627450980392,False,False,False,False,,
84,1,15,1-15,15,15,0.012544922956408062,0.028810746350824867,0.008821035045205023,0.003938949368014011,0.01568627450980392,False,False,False,False,,
85,1,16,1-16,16,16,0.012544922956408062,0.028810746350824867,0.008821035045205023,0.003938949368014011,0.01568627450980392,False,False,False,False,,
86,1,17,1-17,17,17,0.012544922956408062,0.028810746350824867,0.008821035045205023,0.003938949368014011,0.01568627450980392,False,False,False,False,,
87,1,18,1-18,18,18,0.012544922956408062,0.028810746350824867,0.008821035045205023,0.003938949368014011,0.01568627450980392,False,False,False,False,,
88,1,19,1-19,19,19,0.012544922956408062,0.028810746350824867,0.008821035045205023,0.003938949368014011,0.01568627450980392,False,False,False,False,,
89,1,20,1-20,20,20,0.012544922956408062,0.028810746350824867,0.008821035045205023,0.003938949368014011,0.01568627450980392,False,False,False,False,,
90,1,21,1-21,21,21,0.012544922956408062,0.028810746350824867,0.008821035045205023,0.003938949368014011,0.01568627450980392,False,False,False,False,,
91,1,22,1-22,22,22,0.012544922956408062,0.028810746350824867,0.008821035045205023,0.003938949368014011,0.01568627450980392,False,False,False,False,,
92,1,23,1-23,23,23,0.012544922956408062,0.028810746350824867,0.008821035045205023,0.003938949368014011,0.01568627450980392,False,False,False,False,,
93,1,24,1-24,24,24,0.012544922956408062,0.028810746350824867,0.008821035045205023,0.003938949368014011,0.01568627450980392,False,False,False,False,,
94,1,25,1-25,25,25,0.012544922956408062,0.028810746350824867,0.008821035045205023,0.003938949368014011,0.01568627450980392,False,False,False,False,,
95,1,26,1-26,26,26,0.012544922956408062,0.028810746350824867,0.008821035045205023,0.003938949368014011,0.01568627450980392,False,False,False,False,,
96,1,27,1-27,27,27,0.012544922956408062,0.028810746350824867,0.008821035045205023,0.003938949368014011,0.01568627450980392,False,False,False,False,,
97,2,8,2-8,7,7,0.012544922956408062,0.028810746350824867,0.008821035045205023,0.003938949368014011,0.01568627450980392,False,False,False,False,,
98,2,19,2-19,18,18,0.012544922956408062,0.028810746350824867,0.008821035045205023,0.003938949368014011,0.01568627450980392,False,False,False,False,,
99,2,28,2-28,27,27,0.012544922956408062,0.028810746350824867,0.008821035045205023,0.003938949368014011,0.01568627450980392,False,False,False,False,,
100,3,13,3-13,11,11,0.012544922956408062,0.028810746350824867,0.008821035045205023,0.003938949368014011,0.01568627450980392,False,False,False,False,,
101,3,19,3-19,17,17,0.012544922956408062,0.028810746350824867,0.008821035045205023,0.003938949368014011,0.01568627450980392,False,False,False,False,,
102,3,28,3-28,26,26,0.012544922956408062,0.028810746350824867,0.008821035045205023,0.003938949368014011,0.01568627450980392,False,False,False,False,,
103,4,13,4-13,10,10,0.012544922956408062,0.028810746350824867,0.008821035045205023,0.003938949368014011,0.01568627450980392,False,False,False,False,,
104,4,16,4-16,13,13,0.012544922956408062,0.028810746350824867,0.008821035045205023,0.003938949368014011,0.01568627450980392,False,False,False,False,,
105,4,24,4-24,21,21,0.012544922956408062,0.028810746350824867,0.008821035045205023,0.003938949368014011,0.01568627450980392,False,False,False,False,,
106,4,28,4-28,25,25,0.012544922956408062,0.028810746350824867,0.008821035045205023,0.003938949368014011,0.01568627450980392,False,False,False,False,,
107,5,14,5-14,10,10,0.012544922956408062,0.028810746350824867,0.008821035045205023,0.003938949368014011,0.01568627450980392,False,False,False,False,,
108,5,16,5-16,12,12,0.012544922956408062,0.028810746350824867,0.008821035045205023,0.003938949368014011,0.01568627450980392,False,False,False,False,,
109,5,19,5-19,15,15,0.012544922956408062,0.028810746350824867,0.008821035045205023,0.003938949368014011,0.01568627450980392,False,False,False,False,,
110,5,24,5-24,20,20,0.012544922956408062,0.028810746350824867,0.008821035045205023,0.003938949368014011,0.01568627450980392,False,False,False,False,,
111,5,27,5-27,23,23,0.012544922956408062,0.028810746350824867,0.008821035045205023,0.003938949368014011,0.01568627450980392,False,False,False,False,,
112,5,28,5-28,24,24,0.012544922956408062,0.028810746350824867,0.008821035045205023,0.003938949368014011,0.01568627450980392,False,False,False,False,,
113,6,16,6-16,11,11,0.012544922956408062,0.028810746350824867,0.008821035045205023,0.003938949368014011,0.01568627450980392,False,False,False,False,,
114,6,18,6-18,13,13,0.012544922956408062,0.028810746350824867,0.008821035045205023,0.003938949368014011,0.01568627450980392,False,False,False,False,,
115,6,19,6-19,14,14,0.012544922956408062,0.028810746350824867,0.008821035045205023,0.003938949368014011,0.01568627450980392,False,False,False,False,,
116,7,30,7-30,24,24,0.012544922956408062,0.028810746350824867,0.008821035045205023,0.003938949368014011,0.01568627450980392,False,False,False,False,,
117,8,17,8-17,10,10,0.012544922956408062,0.028810746350824867,0.008821035045205023,0.003938949368014011,0.01568627450980392,False,False,False,False,,
118,9,20,9-20,12,12,0.012544922956408062,0.028810746350824867,0.008821035045205023,0.003938949368014011,0.01568627450980392,False,False,False,False,,
119,13,30,13-30,18,18,0.012544922956408062,0.028810746350824867,0.008821035045205023,0.003938949368014011,0.01568627450980392,False,False,False,False,,
120,14,30,14-30,17,17,0.012544922956408062,0.028810746350824867,0.008821035045205023,0.003938949368014011,0.01568627450980392,False,False,False,False,,
121,15,30,15-30,16,16,0.012544922956408062,0.028810746350824867,0.008821035045205023,0.003938949368014011,0.01568627450980392,False,False,False,False,,
122,16,30,16-30,15,15,0.012544922956408062,0.028810746350824867,0.008821035045205023,0.003938949368014011,0.01568627450980392,False,False,False,False,,
123,17,30,17-30,14,14,0.012544922956408062,0.028810746350824867,0.008821035045205023,0.003938949368014011,0.01568627450980392,False,False,False,False,,
124,18,26,18-26,9,9,0.012544922956408062,0.028810746350824867,0.008821035045205023,0.003938949368014011,0.01568627450980392,False,False,False,False,,
125,18,30,18-30,13,13,0.012544922956408062,0.028810746350824867,0.008821035045205023,0.003938949368014011,0.01568627450980392,False,False,False,False,,
126,19,30,19-30,12,12,0.012544922956408062,0.028810746350824867,0.008821035045205023,0.003938949368014011,0.01568627450980392,False,False,False,False,,
127,20,30,20-30,11,11,0.012544922956408062,0.028810746350824867,0.008821035045205023,0.003938949368014011,0.01568627450980392,False,False,False,False,,
128,21,30,21-30,10,10,0.012544922956408062,0.028810746350824867,0.008821035045205023,0.003938949368014011,0.01568627450980392,False,False,False,False,,
129,22,30,22-30,9,9,0.012544922956408062,0.028810746350824867,0.008821035045205023,0.003938949368014011,0.01568627450980392,False,False,False,False,,
130,6,24,6-24,19,19,0.012603201465742469,0.028810746350824867,0.008832882011701224,0.0039851678565590905,0.01568627450980392,False,False,False,False,,
131,10,14,10-14,5,5,0.012612342524383853,0.04259524761330291,0.014291188340541265,0.003160905020251878,0.023529411764705854,False,False,False,False,,
132,3,9,3-9,7,7,0.012623222486852692,0.028810746350824867,0.00883756912085066,0.003992670856268857,0.01568627450980392,False,False,False,False,,
133,0,27,0-27,28,28,0.012624219270259241,0.028810746350824867,0.008874829608562593,0.004022232682828635,0.01568627450980392,False,False,False,False,,
134,2,10,2-10,9,9,0.012649767636907174,0.02895570424165959,0.007830368277589926,0.00364110523006748,0.01568627450980392,False,False,False,False,,
135,2,21,2-21,20,20,0.012674793271218392,0.03401940521913712,0.010161428200399666,0.00378411243232516,0.023529411764705854,False,False,False,False,,
136,7,23,7-23,17,17,0.012679102216601106,0.028810746350824867,0.00885231503433743,0.0040388893448139365,0.01568627450980392,False,False,False,False,,
137,8,28,8-28,21,21,0.012691091887097378,0.028810746350824867,0.008801784995088114,0.004031386345104169,0.01568627450980392,False,False,False,False,,
138,2,15,2-15,14,14,0.012716280622514274,0.028810746350824867,0.008596548349329625,0.00398516785655909,0.01568627450980392,False,False,False,False,,
139,9,14,9-14,6,6,0.01276489370230954,0.04284793245034043,0.012965739119861024,0.003030769214302053,0.023529411764705854,False,False,False,False,,
140,24,28,24-28,5,5,0.012967842987035154,0.038076157475866124,0.01455941824090485,0.00357335375900401,0.023529411764705854,False,False,False,False,,
141,25,30,25-30,6,6,0.012970748081039447,0.03385272246255266,0.01004958122736504,0.003984259367089935,0.023529411764705854,False,False,False,False,,
142,16,22,16-22,7,7,0.013014831319029495,0.0359962111563999,0.00984293555046862,0.003175302034962211,0.026399579943649387,False,False,False,False,,
143,9,28,9-28,20,20,0.013062490573482109,0.028810746350824867,0.008829213770821959,0.004123823322194326,0.01568627450980392,False,False,False,False,,
144,13,20,13-20,8,8,0.01314575330828666,0.02612001378877787,0.008645138981677465,0.003845203118751834,0.019799684957737096,False,False,False,False,,
145,10,17,10-17,8,8,0.013175169970374035,0.03385272246255266,0.010054556758360087,0.004102114634695514,0.023529411764705854,False,False,False,False,,
146,11,14,11-14,4,4,0.013185391969686145,0.03468467877898745,0.011570688113955958,0.003280377812731071,0.021995798396904354,False,False,False,False,,
147,3,11,3-11,9,9,0.013189946753038743,0.029006416852634616,0.007913608220660567,0.003965810112141434,0.01568627450980392,False,False,False,False,,
148,25,25,25-25,1,1,0.013190257316301149,0.03284890993386604,0.011897805354351872,0.002857851286329314,0.023529411764705854,False,False,False,False,,
149,5,18,5-18,14,14,0.013194994987822187,0.030342961877207007,0.009330211643484623,0.003744880490210168,0.021995798396904354,False,False,False,False,,
150,10,10,10-10,1,1,0.013196756128118426,0.026818124372973626,0.008340285740115265,0.0027066064315191163,0.019799684957737096,False,False,False,False,,
151,11,13,11-13,3,3,0.01326435367934152,0.0631899294918646,0.01965425120292271,0.002517123116729771,0.06274509803921569,False,False,False,False,,
152,14,22,14-22,9,9,0.013298599443585439,0.028810746350824867,0.00792951638302176,0.00404661743761078,0.01568627450980392,False,False,False,False,,
153,2,11,2-11,10,10,0.013334880756236402,0.034170118731970574,0.010158338714373643,0.004256601433477226,0.023529411764705854,False,False,False,False,,
154,9,25,9-25,17,17,0.013369909829647112,0.028810746350824867,0.007866135590376553,0.004056804635619591,0.01568627450980392,False,False,False,False,,
155,2,18,2-18,17,17,0.013385237377243743,0.028810746350824867,0.0096111903234992,0.00415428550720755,0.01808823569225715,False,False,False,False,,
156,8,8,8-8,1,1,0.01351480898009924,0.042405927400866086,0.014841763775279872,0.0032110588257265697,0.023529411764705854,False,False,False,False,,
157,8,19,8-19,12,12,0.013625181544768734,0.024166089822200122,0.006391002493302087,0.003921408602534663,0.014663865597936199,False,False,False,False,,
158,11,17,11-17,7,7,0.01373552269989406,0.042727839081514805,0.012042704943469427,0.003915039803735305,0.023529411764705854,False,False,False,False,,
159,16,18,16-18,3,3,0.013884930958914481,0.06038363161452558,0.01831619045316404,0.0032067314638747645,0.0549019607843137,False,False,False,False,,
160,4,12,4-12,9,9,0.014088294425337902,0.028988552705933434,0.009975226752902005,0.004233842326111827,0.0235294117647058,False,False,False,False,,
161,10,11,10-11,2,2,0.014148522316387795,0.036771322632612444,0.01398860778810256,0.0036829807292037887,0.023529411764705854,False,False,False,False,,
162,14,16,14-16,3,3,0.014192107912215625,0.02923282455393206,0.009792401789567182,0.003272892321412725,0.021995798396904354,False,False,False,False,,
163,6,22,6-22,17,17,0.014194896702886149,0.028810746350824867,0.007447816173743589,0.004174659903225167,0.01568627450980392,False,False,False,False,,
164,8,23,8-23,16,16,0.014371486507873225,0.028810746350824867,0.01015663003778943,0.004394781704736717,0.023529411764705854,False,False,False,False,,
165,9,12,9-12,4,4,0.014407297911815026,0.04284793245034043,0.012383979028322311,0.0036278586779557483,0.023529411764705854,False,False,False,False,,
166,24,30,24-30,7,7,0.014427491017631862,0.028810746350824867,0.007442160588714854,0.004284087425648924,0.01568627450980392,False,False,False,False,,
167,23,30,23-30,8,8,0.01445508886297904,0.028810746350824867,0.007444865850996747,0.004330305914194003,0.01568627450980392,False,False,False,False,,
168,23,29,23-29,7,7,0.014576957304277592,0.04477144651702905,0.012987213312422499,0.004164281379380094,0.03137254901960779,False,False,False,False,,
169,19,25,19-25,7,7,0.014605414844233049,0.042405927400866086,0.012116799520902232,0.0035248174525617897,0.023529411764705854,False,False,False,False,,
170,9,27,9-27,19,19,0.014767207815242146,0.040226263139192774,0.011752327649807678,0.004457656853838852,0.023529411764705854,False,False,False,False,,
171,12,16,12-16,5,5,0.014777783824538818,0.042727839081514805,0.011442884400444156,0.0043904462230736725,0.023529411764705854,False,False,False,False,,
172,8,25,8-25,18,18,0.014795576582472688,0.028810746350824867,0.006245188096086894,0.004437765146706595,0.01568627450980392,False,False,False,False,,
173,4,7,4-7,4,4,0.014886523160681217,0.03434765684686981,0.010840142911156092,0.003787021098409673,0.03299947492956201,False,False,False,False,,
174,11,30,11-30,20,20,0.014956597788228485,0.028810746350824867,0.007616780015701944,0.004499423564842461,0.01568627450980392,False,False,False,False,,
175,29,29,29-29,1,1,0.014972706750655335,0.07949185025334984,0.025442307763204997,0.002372198893214202,0.07843137254901955,False,False,False,False,,
176,4,4,4-4,1,1,0.014974892686582263,0.04284793245034043,0.013771073366669455,0.0034121974081467716,0.023529411764705854,False,False,False,False,,
177,1,29,1-29,29,29,0.015013513189966167,0.028810746350824867,0.010716976661818535,0.004454771948043094,0.023529411764705854,False,False,False,False,,
178,10,29,10-29,20,20,0.015051408429546814,0.03385272246255266,0.00762601611640119,0.004050210125378975,0.023529411764705854,False,False,False,False,,
179,6,9,6-9,4,4,0.015111656583813325,0.04284793245034043,0.014113785643225286,0.003834799582545015,0.03137254901960773,False,False,False,False,,
180,19,23,19-23,5,5,0.01532596093889272,0.04284793245034043,0.017331882185300646,0.003909704540669224,0.036659663994840774,False,False,False,False,,
181,9,15,9-15,7,7,0.015488260572257906,0.0450181032356857,0.013420139364071725,0.004132276705355029,0.036176471384514186,False,False,False,False,,
182,4,10,4-10,7,7,0.015554598699098615,0.048252652171741184,0.01624638030269158,0.003220545765889114,0.04823529517935243,False,False,False,False,,
183,7,15,7-15,9,9,0.015657058206951808,0.037137487011469926,0.011192066252881076,0.004518038508033094,0.03299947492956201,False,False,False,False,,
184,18,25,18-25,8,8,0.015797760792733317,0.029830511690138197,0.008997556874371732,0.0031347951912587815,0.02932773119587251,False,False,False,False,,
185,18,22,18-22,5,5,0.015835992133078375,0.04258722040220269,0.01242371715677059,0.0036975771906743236,0.026399579943649387,False,False,False,False,,
186,2,9,2-9,8,8,0.01584487044936425,0.028810746350824867,0.008440560369072385,0.004410370438436324,0.026399579943649498,False,False,False,False,,
187,13,27,13-27,15,15,0.01584487044936425,0.028810746350824867,0.008440560369072385,0.004410370438436324,0.026399579943649498,False,False,False,False,,
188,11,22,11-22,12,12,0.015857117350899074,0.028810746350824867,0.005259264074738615,0.004889662784469124,0.01568627450980392,False,False,False,False,,
189,2,25,2-25,24,24,0.01586635861106717,0.0314862315468738,0.011497087035017957,0.004783987388630103,0.0235294117647058,False,False,False,False,,
190,2,6,2-6,5,5,0.015925995014620657,0.028810746350824867,0.008276122319929509,0.003931230026934213,0.023529411764705854,False,False,False,False,,
191,14,27,14-27,14,14,0.015929842704879488,0.028810746350824867,0.008549112016898704,0.0045180385080330916,0.026399579943649498,False,False,False,False,,
192,10,15,10-15,6,6,0.01596654974531661,0.04284793245034043,0.01570652039300062,0.004669399055004195,0.023529411764705854,False,False,False,False,,
193,10,19,10-19,10,10,0.01606582006257976,0.028810746350824867,0.005851332520618505,0.005007659361673898,0.01568627450980392,False,False,False,False,,
194,17,25,17-25,9,9,0.016080511521239092,0.034131109811187395,0.011502472809354148,0.004261544667713702,0.03235294198155497,False,False,False,False,,
195,5,8,5-8,4,4,0.01609130941080105,0.07146669316827366,0.021744877211398162,0.0042259391711293275,0.04399159679380871,False,False,False,False,,
196,6,7,6-7,2,2,0.016197132945208678,0.042405927400866086,0.014397461772717151,0.00410223092324176,0.023529411764705854,False,False,False,False,,
197,9,10,9-10,2,2,0.016203569049180522,0.04284793245034043,0.016998047533853523,0.00467283355564409,0.023529411764705854,False,False,False,False,,
198,5,6,5-6,2,2,0.016223173052483452,0.057359372629226704,0.017653559130442305,0.004164765328301691,0.04220588328193342,False,False,False,False,,
199,8,14,8-14,7,7,0.016538797434965564,0.060700050002523,0.01992191002292653,0.0036966430617980475,0.05939905487321162,False,False,False,False,,
200,19,20,19-20,2,2,0.016574577481877933,0.042405927400866086,0.016628709793639805,0.004126857656672536,0.03137254901960773,False,False,False,False,,
201,14,24,14-24,11,11,0.01665935122862083,0.0326073323833255,0.00998546933141662,0.005053295123271083,0.021995798396904354,False,False,False,False,,
202,13,25,13-25,13,13,0.0166658115182415,0.036140617907469176,0.01222644177844929,0.005043207331418985,0.021995798396904354,False,False,False,False,,
203,6,6,6-6,1,1,0.016755404259667712,0.07446589734588899,0.02465746949111452,0.0046367528751881755,0.04399159679380871,False,False,False,False,,
204,10,24,10-24,15,15,0.016883151626259477,0.0329994749295619,0.009550825458710882,0.004596110985247519,0.0329994749295619,False,False,False,False,,
205,8,26,8-26,19,19,0.016887919898752556,0.03595478185431598,0.012904020928924632,0.005186180774458311,0.021995798396904354,False,False,False,False,,
206,16,20,16-20,5,5,0.016985343351558036,0.05845088559903901,0.017209252065179956,0.004364969150886387,0.05132352959277697,False,False,False,False,,
207,15,19,15-19,5,5,0.017009678199193565,0.029619376497730096,0.005770243202708126,0.005314757204215546,0.01568627450980392,False,False,False,False,,
208,7,7,7-7,1,1,0.017259480801559215,0.03003951606077892,0.00989072086444294,0.0036622968302245785,0.023529411764705854,False,False,False,False,,
209,6,20,6-20,15,15,0.017382767308242463,0.0350136106137058,0.010119560011235498,0.005162238691885128,0.023529411764705854,False,False,False,False,,
210,7,13,7-13,7,7,0.017424121488738308,0.028810746350824867,0.00699732179646071,0.005331931570880924,0.0235294117647058,False,False,False,False,,
211,14,23,14-23,10,10,0.017555226090180613,0.03875651432723548,0.010868320352959199,0.005080305921067041,0.02932773119587251,False,False,False,False,,
212,11,21,11-21,11,11,0.017727516278478458,0.039599369915474414,0.010638099934471458,0.004636952322648665,0.039599369915474414,False,False,False,False,,
213,20,26,20-26,7,7,0.01774213982224375,0.03665966399484055,0.011262342010223605,0.0047336422474737,0.03665966399484055,False,False,False,False,,
214,20,25,20-25,6,6,0.017752838638657193,0.050189969445390045,0.016722636478175044,0.004681962206642913,0.046199264901386816,False,False,False,False,,
215,19,22,19-22,4,4,0.017758699721301154,0.048942131817541375,0.01833093012261703,0.005320392581635335,0.026399579943649387,False,False,False,False,,
216,2,3,2-3,2,2,0.01779868489720478,0.042405927400866086,0.015786304812295374,0.004737251820075484,0.023529411764705854,False,False,False,False,,
217,10,12,10-12,3,3,0.017824951804930933,0.04284793245034043,0.018538046969477893,0.005366745497019959,0.023529411764705854,False,False,False,False,,
218,10,23,10-23,14,14,0.017837669687631615,0.03820331813141962,0.01007874197465153,0.004991245299863433,0.03665966399484055,False,False,False,False,,
219,6,14,6-14,9,9,0.0178491071152,0.05425863650408637,0.015281916594596148,0.004166864282943346,0.05279915988729922,False,False,False,False,,
220,12,13,12-13,2,2,0.017871044732084642,0.03472714649255244,0.013160749406504647,0.004664289520487774,0.021995798396904354,False,False,False,False,,
221,14,19,14-19,6,6,0.0178805012938095,0.03222917234943672,0.00898817691896568,0.0050244742100595315,0.023529411764705854,False,False,False,False,,
222,4,18,4-18,15,15,0.017958918144832886,0.03357301096722071,0.010554367631525056,0.004961841655516154,0.03137254901960773,False,False,False,False,,
223,2,16,2-16,15,15,0.01812918102164962,0.04694855406498434,0.016126939066376807,0.005447110143676133,0.029327731195872397,False,False,False,False,,
224,15,20,15-20,6,6,0.018144533364498845,0.038825664399950985,0.010744291149609163,0.005002048988898926,0.023529411764705854,False,False,False,False,,
225,8,10,8-10,3,3,0.018199059588767587,0.042091956774479265,0.014693461782613132,0.004618962623945534,0.023529411764705854,False,False,False,False,,
226,22,22,22-22,1,1,0.018267903231654517,0.06632890627889133,0.025730029021288948,0.004209223738236532,0.046199264901386816,False,False,False,False,,
227,23,25,23-25,3,3,0.018294272663771476,0.07794360104306713,0.02306535308754559,0.0051004808773687845,0.04705882352941165,False,False,False,False,,
228,14,20,14-20,7,7,0.01831155503172941,0.06038363161452546,0.016247395288743076,0.005069534734961392,0.0549019607843137,False,False,False,False,,
229,8,12,8-12,5,5,0.018384721038146118,0.06035449971807852,0.019790185894973528,0.004843895099848999,0.05490196078431375,False,False,False,False,,
230,13,18,13-18,6,6,0.01850617789282611,0.030320613390732266,0.010522274373060816,0.005549776213457163,0.019799684957737096,False,False,False,False,,
231,6,11,6-11,6,6,0.018621474614049668,0.036073844123990534,0.009369219055330466,0.00506569883466501,0.026399579943649498,False,False,False,False,,
232,9,17,9-17,9,9,0.018788485720432582,0.06488539131661204,0.017588633992420687,0.005047317729771193,0.05865546239174513,False,False,False,False,,
233,11,23,11-23,13,13,0.018791857987658644,0.04999973607578141,0.013944994916557624,0.005697777915117034,0.03137254901960773,False,False,False,False,,
234,24,29,24-29,6,6,0.018815711418464214,0.06505987596946797,0.019116244380324356,0.004992087506203676,0.06274509803921569,False,False,False,False,,
235,18,23,18-23,6,6,0.01893395873139337,0.04879490697710104,0.01971666578510878,0.004671842534499899,0.04705882352941182,False,False,False,False,,
236,8,11,8-11,4,4,0.018955607206794987,0.0424059274008661,0.01568740363439382,0.005355791113965232,0.023529411764705854,False,False,False,False,,
237,12,12,12-12,1,1,0.01898425577293262,0.042405927400866086,0.016373473451351803,0.004990195509430913,0.023529411764705854,False,False,False,False,,
238,9,9,9-9,1,1,0.018988845750512576,0.04284793245034043,0.016666656780648915,0.004479091051726731,0.036659663994840774,False,False,False,False,,
239,7,19,7-19,13,13,0.019144817942320466,0.05279915988729922,0.014735352313634275,0.00488179150885864,0.05279915988729922,False,False,False,False,,
240,8,30,8-30,23,23,0.019155522607104444,0.05288479720557106,0.014759807818327338,0.004935512997113486,0.05279915988729922,False,False,False,False,,
241,12,14,12-14,3,3,0.019196350985169548,0.035065036655113256,0.009288079209393448,0.005078613379814905,0.021995798396904354,False,False,False,False,,
242,9,19,9-19,11,11,0.01925214129817712,0.06093941737501184,0.015941662981086093,0.005520615176932429,0.04399159679380871,False,False,False,False,,
243,4,5,4-5,2,2,0.01934789065370235,0.09299086662249288,0.030865703547081492,0.005101054229933034,0.06599894985912391,False,False,False,False,,
244,14,14,14-14,1,1,0.019462640780445243,0.04318856679074549,0.01836502638778836,0.005892238202380494,0.023529411764705854,False,False,False,False,,
245,8,20,8-20,13,13,0.01948552135411699,0.04697787631723736,0.015161150406875611,0.005943900116122467,0.029327731195872397,False,False,False,False,,
246,11,24,11-24,14,14,0.01954814555627416,0.028810746350824867,0.006929814293596795,0.005795158113179871,0.0235294117647058,False,False,False,False,,
247,9,13,9-13,5,5,0.01960838984666892,0.06750023933796773,0.018287589516827553,0.005424476711748773,0.047058823529411764,False,False,False,False,,
248,3,15,3-15,13,13,0.019608791518512622,0.052727169614868646,0.014353574105516945,0.0051387042757902795,0.05132352959277697,False,False,False,False,,
249,4,27,4-27,24,24,0.019627554027026477,0.04284793245034043,0.014270400030632445,0.005632242318228377,0.026399579943649498,False,False,False,False,,
250,16,17,16-17,2,2,0.019738891511488964,0.042405927400866086,0.017849479724768687,0.005834381927451175,0.023529411764705854,False,False,False,False,,
251,12,20,12-20,9,9,0.0197770005912562,0.04198602636128463,0.013565112452245618,0.004831130004265373,0.039599369915474414,False,False,False,False,,
252,11,16,11-16,6,6,0.019868659342324325,0.036837644051291224,0.01298513508280515,0.004928752811138877,0.02411764758967616,False,False,False,False,,
253,24,25,24-25,2,2,0.019938094501478355,0.04754079259644162,0.015304144108897143,0.004976463123375295,0.03299947492956201,False,False,False,False,,
254,9,30,9-30,22,22,0.01995513719123477,0.056273310536342276,0.015295268781673083,0.005542205682487014,0.05279915988729922,False,False,False,False,,
255,20,21,20-21,2,2,0.019992076490838485,0.07067654566811038,0.022590987527777585,0.005393639378839555,0.039215686274509776,False,False,False,False,,
256,12,21,12-21,10,10,0.019999935310724318,0.04284793245034043,0.014458949554950607,0.0050179315948588234,0.023529411764705854,False,False,False,False,,
257,4,8,4-8,5,5,0.020039745952224415,0.052439026856398556,0.01648954873728451,0.004658369644751221,0.051323529592777084,False,False,False,False,,
258,22,26,22-26,5,5,0.020061864365511294,0.043681066833296214,0.0111957585115709,0.00479776851631912,0.03137254901960779,False,False,False,False,,
259,24,26,24-26,3,3,0.020064974711899962,0.047451915972032306,0.012630228660998676,0.005327244700525602,0.03299947492956201,False,False,False,False,,
260,4,19,4-19,16,16,0.02022791319284259,0.07233681488651071,0.021571199603736806,0.005743136065632791,0.05279915988729922,False,False,False,False,,
261,6,30,6-30,25,25,0.020229995759643918,0.061480582425886846,0.01727471489617185,0.005622230820339562,0.05865546239174513,False,False,False,False,,
262,25,27,25-27,3,3,0.020246746282158994,0.0784501622779504,0.024309561005002287,0.004345170592109582,0.07843137254901955,False,False,False,False,,
263,7,17,7-17,11,11,0.02029384791220329,0.06199139964636181,0.0174273403573718,0.005625072573736502,0.04705882352941182,False,False,False,False,,
264,10,18,10-18,9,9,0.020454612910338947,0.04695585019610412,0.011465341883217454,0.005745028691867297,0.02932773119587251,False,False,False,False,,
265,11,19,11-19,9,9,0.02046848176809237,0.03992510917204794,0.01216855036397578,0.006157753167058175,0.02932773119587251,False,False,False,False,,
266,7,24,7-24,18,18,0.02046912980130736,0.09220440111001925,0.027841507435372444,0.005743136065632791,0.06599894985912391,False,False,False,False,,
267,10,30,10-30,21,21,0.02048022111212138,0.028810746350824867,0.005879416038254314,0.006445534526557836,0.01568627450980392,False,False,False,False,,
268,9,11,9-11,3,3,0.020529774590324446,0.04284793245034043,0.014873367627487,0.0054121636655588695,0.023529411764705854,False,False,False,False,,
269,14,25,14-25,12,12,0.020577722559515864,0.054533094444760184,0.01629063889450062,0.005830414096002501,0.04705882352941165,False,False,False,False,,
270,16,25,16-25,10,10,0.02071086956327906,0.05851770793485948,0.016902529627260233,0.0056252470256004375,0.036659663994840774,False,False,False,False,,
271,9,23,9-23,15,15,0.02072790765205624,0.05397868191504779,0.016425774194527495,0.005306754627326953,0.05132352959277675,False,False,False,False,,
272,3,6,3-6,4,4,0.02074732639001564,0.07610653640224971,0.024722741924519724,0.0048529737352418145,0.07331932798968144,False,False,False,False,,
273,20,22,20-22,3,3,0.02079093161463174,0.04318856679074549,0.016667107412416046,0.0061693159095481875,0.02411764758967616,False,False,False,False,,
274,3,10,3-10,8,8,0.02085486040535082,0.04409977029512181,0.013161375637806422,0.0055043749363837486,0.04220588328193342,False,False,False,False,,
275,11,20,11-20,10,10,0.020871443103626625,0.054822630313254336,0.015136102346884263,0.005449843734338885,0.05279915988729922,False,False,False,False,,
276,6,17,6-17,12,12,0.02092126425820983,0.06701073041441413,0.018941784549594637,0.0061890656762189295,0.04705882352941182,False,False,False,False,,
277,2,5,2-5,4,4,0.02101642478921338,0.05788019596369054,0.01769128771358842,0.004991387234421029,0.04399159679380893,False,False,False,False,,
278,2,13,2-13,12,12,0.021023001755325427,0.04470151120534735,0.010480081896767506,0.006220311304437176,0.03137254901960773,False,False,False,False,,
279,13,15,13-15,3,3,0.02104035652777713,0.04318856679074549,0.013220445118905341,0.006243186706252753,0.023529411764705854,False,False,False,False,,
280,15,15,15-15,1,1,0.021266045660298695,0.04425300186038367,0.01568037155096412,0.005198444442220887,0.030147059487095174,False,False,False,False,,
281,21,22,21-22,2,2,0.02132115831198459,0.05254489401170245,0.018805516897169316,0.00552500878738081,0.047058823529411764,False,False,False,False,,
282,21,27,21-27,7,7,0.021351206231775555,0.040464917288729176,0.012630165858961234,0.005707339883961444,0.036659663994840774,False,False,False,False,,
283,21,23,21-23,3,3,0.021355283056675833,0.06749301766098251,0.02675082470944815,0.005973995910284985,0.046199264901386816,False,False,False,False,,
284,15,25,15-25,11,11,0.021619778562037603,0.07259884484503631,0.020654175371667964,0.005235357311675374,0.07259884484503631,False,False,False,False,,
285,2,12,2-12,11,11,0.02165259931537844,0.05279915988729922,0.01550259851590973,0.005726129255660454,0.05279915988729922,False,False,False,False,,
286,23,23,23-23,1,1,0.02175597781674431,0.08515449205319552,0.0352207974420402,0.005359250609446027,0.07843137254901955,False,False,False,False,,
287,7,8,7-8,2,2,0.021887944993306548,0.042405927400866086,0.014125175045813131,0.0062461879051950294,0.023529411764705854,False,False,False,False,,
288,14,15,14-15,2,2,0.02190033509389617,0.04284793245034043,0.013327673977954294,0.005833480946043283,0.023529411764705854,False,False,False,False,,
289,16,21,16-21,6,6,0.021955903548845843,0.05402860583706716,0.014555610174744264,0.005327552935418498,0.046199264901386816,False,False,False,False,,
290,12,25,12-25,14,14,0.022054759343355428,0.07802541679682407,0.023580145827509936,0.006635410467317796,0.04705882352941165,False,False,False,False,,
291,7,12,7-12,6,6,0.022133124584281804,0.08323620030252203,0.02332608670985461,0.005961964844467906,0.0791987398309486,False,False,False,False,,
292,13,13,13-13,1,1,0.02223484578767869,0.04318856679074549,0.016983422324958843,0.0066912659448058265,0.023529411764705854,False,False,False,False,,
293,19,19,19-19,1,1,0.022240739224266646,0.05363624874594757,0.02046553193197253,0.005561847302266992,0.039599369915474414,False,False,False,False,,
294,22,23,22-23,2,2,0.02226535686430976,0.07292898333722317,0.029176723857359844,0.005955162136984505,0.046199264901386816,False,False,False,False,,
295,8,16,8-16,9,9,0.022325019768142426,0.04284793245034043,0.012264831795092624,0.005886285187208002,0.03137254901960773,False,False,False,False,,
296,2,20,2-20,19,19,0.022353720637983635,0.10078588969297932,0.03010880831946175,0.006063232219100424,0.09411764705882347,False,False,False,False,,
297,4,17,4-17,14,14,0.022530599246980313,0.03708251610380842,0.00989322088663668,0.0060406381864834035,0.026399579943649498,False,False,False,False,,
298,23,26,23-26,4,4,0.022618152499452048,0.07653373030524162,0.022516790926911976,0.0059983387661972105,0.04705882352941165,False,False,False,False,,
299,6,15,6-15,10,10,0.022635033176156567,0.05194773578678419,0.018106584494049206,0.005946767508323154,0.05132352959277697,False,False,False,False,,
300,18,24,18-24,7,7,0.02270758349229683,0.06253357009369416,0.02343935794094317,0.004844453447426004,0.05865546239174513,False,False,False,False,,
301,18,21,18-21,4,4,0.022736092250136394,0.059610379676859254,0.017539032813890618,0.006267479545227663,0.039215686274509776,False,False,False,False,,
302,5,7,5-7,3,3,0.02282064975619086,0.06136684346793255,0.020687530206411488,0.006305095223933507,0.04399159679380871,False,False,False,False,,
303,12,30,12-30,19,19,0.023054769764702027,0.07057517116110382,0.0186785135274824,0.006286235798017482,0.06599894985912391,False,False,False,False,,
304,3,23,3-23,21,21,0.023095523334128867,0.0985401121553885,0.029842518251403383,0.007167839698586623,0.05490196078431375,False,False,False,False,,
305,21,26,21-26,6,6,0.02330893212166472,0.05095447567220567,0.01818642468967981,0.005922782912273613,0.046199264901386816,False,False,False,False,,
306,13,17,13-17,5,5,0.023348204746995137,0.04213253099827207,0.01145262963009729,0.007263302891071723,0.0235294117647058,False,False,False,False,,
307,16,16,16-16,1,1,0.023486285020848978,0.04318856679074549,0.01818295490013459,0.007006200669004985,0.023529411764705854,False,False,False,False,,
308,7,11,7-11,5,5,0.023489064873648574,0.03605499726143119,0.011855671464640592,0.006276441260622371,0.0329994749295619,False,False,False,False,,
309,11,18,11-18,8,8,0.023496781828759514,0.09239852980277363,0.026808175289888287,0.005262592581129107,0.09239852980277363,False,False,False,False,,
310,11,27,11-27,17,17,0.023674660269009034,0.04470151120534735,0.01092062697555194,0.006826236804036821,0.03137254901960773,False,False,False,False,,
311,8,9,8-9,2,2,0.02376641075941546,0.04284793245034043,0.013925081868643075,0.006688339777662068,0.023529411764705854,False,False,False,False,,
312,5,12,5-12,8,8,0.02380775272600557,0.05541597511588662,0.01811614327499768,0.006441482894512883,0.05490196078431375,False,False,False,False,,
313,8,13,8-13,6,6,0.023844671683748105,0.03920708129352106,0.012402760876541578,0.0063897959859023235,0.03665966399484055,False,False,False,False,,
314,19,24,19-24,6,6,0.02393980321967877,0.0778985810808567,0.028672061727033956,0.006301168026045645,0.05490196078431375,False,False,False,False,,
315,20,23,20-23,4,4,0.0240522185649916,0.0819590593386433,0.025916026992158076,0.006420024322266813,0.051323529592777084,False,False,False,False,,
316,17,21,17-21,5,5,0.024090759386309866,0.04318856679074549,0.017314156381745223,0.006939165731631002,0.03137254901960773,False,False,False,False,,
317,21,21,21-21,1,1,0.02412252300890104,0.04796876581940927,0.02032042975752617,0.00586829548850488,0.04705882352941165,False,False,False,False,,
318,13,16,13-16,4,4,0.024136688130255643,0.04224765974802975,0.014745671701456534,0.007206296341020415,0.023529411764705854,False,False,False,False,,
319,15,16,15-16,2,2,0.02442437988759263,0.04318856679074549,0.01844766007555616,0.007484891523409954,0.023529411764705854,False,False,False,False,,
320,3,27,3-27,25,25,0.024434424034707664,0.0716175846314194,0.02217833044868615,0.00720648766622562,0.04399159679380871,False,False,False,False,,
321,2,27,2-27,26,26,0.024523388593105405,0.039023747079342454,0.00976496686710339,0.00695561230484388,0.03137254901960773,False,False,False,False,,
322,2,2,2-2,1,1,0.024578992938329467,0.07017990174766925,0.025341108179259452,0.005971504260978906,0.06274509803921569,False,False,False,False,,
323,15,23,15-23,9,9,0.024720154388216634,0.06527549040476215,0.01712318187139752,0.007015037324733367,0.039215686274509776,False,False,False,False,,
324,9,26,9-26,18,18,0.024723054147353284,0.08515449205319552,0.02641177989318229,0.007722627874643601,0.04705882352941165,False,False,False,False,,
325,12,17,12-17,6,6,0.024739194272299,0.042880327048843626,0.014343728758789418,0.007098453193557829,0.023529411764705854,False,False,False,False,,
326,7,14,7-14,8,8,0.024917067828921675,0.06037531429432311,0.015099695484415214,0.005955664199183097,0.05865546239174513,False,False,False,False,,
327,10,13,10-13,4,4,0.025180816822684214,0.04380461162489187,0.012921190409592755,0.006632808813326528,0.026399579943649498,False,False,False,False,,
328,14,17,14-17,4,4,0.025594757324949,0.04525616188136797,0.015697495408888176,0.007908193975494788,0.0235294117647058,False,False,False,False,,
329,17,24,17-24,8,8,0.025620918217803493,0.04883749070388277,0.0165743783688376,0.007534460738883286,0.023529411764705854,False,False,False,False,,
330,15,18,15-18,4,4,0.02609144008275854,0.04318856679074549,0.01307492833800704,0.0077376920156998295,0.023529411764705854,False,False,False,False,,
331,7,27,7-27,21,21,0.026103871363200193,0.08515449205319552,0.02508344796264,0.007793097928883135,0.04705882352941165,False,False,False,False,,
332,8,15,8-15,8,8,0.026310812577672454,0.07324004345320767,0.025479559300391957,0.007438781823725553,0.04705882352941182,False,False,False,False,,
333,14,21,14-21,8,8,0.026320054456770575,0.06025756153062646,0.01889870025097135,0.007649774354840599,0.04399159679380871,False,False,False,False,,
334,13,19,13-19,7,7,0.02637718857630579,0.04020564188747436,0.008763681499825569,0.007725996095326606,0.02411764758967616,False,False,False,False,,
335,10,27,10-27,18,18,0.02650223216766319,0.04815594327894475,0.016601723014442946,0.007972202075947616,0.026399579943649498,False,False,False,False,,
336,19,21,19-21,3,3,0.026510658652793936,0.05844172775852237,0.02225468145855351,0.007139944799328244,0.036659663994840774,False,False,False,False,,
337,16,27,16-27,12,12,0.026611732057015048,0.07114487528366371,0.01878566230502749,0.007067240714551744,0.05279915988729922,False,False,False,False,,
338,11,25,11-25,15,15,0.026702464444244095,0.07508577219167535,0.026456069372538013,0.0073073292571226005,0.07058823529411762,False,False,False,False,,
339,9,16,9-16,8,8,0.026788333018999643,0.047887980231818894,0.015201617780485415,0.007605939956117102,0.04220588328193342,False,False,False,False,,
340,13,23,13-23,11,11,0.02693510653771982,0.05654123653448816,0.014781654510596176,0.008007134172319921,0.03137254901960773,False,False,False,False,,
341,5,9,5-9,5,5,0.02696599488662044,0.11311192870597327,0.03298920825696779,0.0072857287209348665,0.0784313725490196,False,False,False,False,,
342,5,30,5-30,26,26,0.02711740650089988,0.10755465832912038,0.030919482271799824,0.008354464359177853,0.06274509803921569,False,False,False,False,,
343,12,23,12-23,12,12,0.02716356168334039,0.05436446497517248,0.018313694368604045,0.006713659258721656,0.039215686274509776,False,False,False,False,,
344,17,22,17-22,6,6,0.027395259956495586,0.10273507955939719,0.029493177316848414,0.007232949496319719,0.08798319358761753,False,False,False,False,,
345,4,30,4-30,27,27,0.02754593990038181,0.11308247306897665,0.03288131903883314,0.00859347622440866,0.06274509803921569,False,False,False,False,,
346,12,22,12-22,11,11,0.027658622252768897,0.05654123653448816,0.0157213637775629,0.008330138381110228,0.03137254901960773,False,False,False,False,,
347,16,24,16-24,9,9,0.027834856243884973,0.05950300187158961,0.01899737361797968,0.008262109292361118,0.046199264901386816,False,False,False,False,,
348,15,26,15-26,12,12,0.028011866994516646,0.08515449205319552,0.024709895179549322,0.008164487118506135,0.04705882352941165,False,False,False,False,,
349,9,18,9-18,10,10,0.02816868936128687,0.08642078953540767,0.024221548125580288,0.007475496535660179,0.08441176656386673,False,False,False,False,,
350,3,7,3-7,5,5,0.02824962310236585,0.04849029490014192,0.011691800409361885,0.00636331791792955,0.04823529517935243,False,False,False,False,,
351,15,22,15-22,8,8,0.028476711378697672,0.11916694595747994,0.036320762042108316,0.007692433288421521,0.09411764705882347,False,False,False,False,,
352,7,21,7-21,15,15,0.02894568087057916,0.04240592740086605,0.007984263766495754,0.007792732173082561,0.02932773119587251,False,False,False,False,,
353,4,6,4-6,3,3,0.029157171656864673,0.08915560188774921,0.03436699690854163,0.006240593776518201,0.07843137254901955,False,False,False,False,,
354,17,26,17-26,10,10,0.029344633237467003,0.12510845336606172,0.03875040795254675,0.007741202162935663,0.10997899198452221,False,False,False,False,,
355,6,25,6-25,20,20,0.0296497475144019,0.06571456486347965,0.022324889357073385,0.009061429648438762,0.04705882352941165,False,False,False,False,,
356,4,25,4-25,22,22,0.029672940597033917,0.07802541679682407,0.0244757594102119,0.00872526267206811,0.04705882352941165,False,False,False,False,,
357,3,20,3-20,18,18,0.029690619611272527,0.04318856679074549,0.013832117772778938,0.008816364132405661,0.026399579943649498,False,False,False,False,,
358,24,24,24-24,1,1,0.029707536072206706,0.0734719794657983,0.025426443169747775,0.007801818282416721,0.06274509803921569,False,False,False,False,,
359,5,25,5-25,21,21,0.02980615388965401,0.06608883439828102,0.01905520011118739,0.008498454458032649,0.04705882352941165,False,False,False,False,,
360,14,18,14-18,5,5,0.029911228420435296,0.06716873188963278,0.01817016161005237,0.008162687652174778,0.06598739519071328,False,False,False,False,,
361,12,18,12-18,7,7,0.030096446099132985,0.04679973005432721,0.014935472392555027,0.008097844826943066,0.036659663994840774,False,False,False,False,,
362,10,26,10-26,17,17,0.030128646287025017,0.08515449205319552,0.025290161343155284,0.00902850023036989,0.04705882352941165,False,False,False,False,,
363,6,10,6-10,5,5,0.030187239725780274,0.08799686955539979,0.02381519431305905,0.007903475211900277,0.07843137254901955,False,False,False,False,,
364,2,7,2-7,6,6,0.030265828522691003,0.07791979212596259,0.022302395301226165,0.006904743855520932,0.07331932798968133,False,False,False,False,,
365,3,8,3-8,6,6,0.030278246151508356,0.08111306525257345,0.02517050332550664,0.0065537490630209584,0.07259884484503631,False,False,False,False,,
366,12,24,12-24,13,13,0.030398738094456725,0.07981713115195198,0.022662549346334857,0.007241185292326094,0.06274509803921569,False,False,False,False,,
367,5,5,5-5,1,1,0.030538609998090025,0.07958893741836195,0.030657552068921543,0.006977223433146857,0.07843137254901955,False,False,False,False,,
368,5,10,5-10,6,6,0.030564065331915916,0.07975162950055215,0.02379299924679993,0.007267328241299553,0.07058823529411762,False,False,False,False,,
369,3,5,3-5,3,3,0.03071261181242128,0.1257224950876772,0.04120117695174108,0.0086395521505259,0.07331932798968133,False,False,False,False,,
370,12,27,12-27,16,16,0.030723990563350942,0.048614075911528,0.012970793299144096,0.008176793283968012,0.03921568627450989,False,False,False,False,,
371,6,21,6-21,16,16,0.03093752697076803,0.07067654566811021,0.017779236175919463,0.00913023155504899,0.039215686274509776,False,False,False,False,,
372,5,11,5-11,7,7,0.03129098353739521,0.13979918288898108,0.04152251787179087,0.008313496739792352,0.08798319358761753,False,False,False,False,,
373,2,14,2-14,13,13,0.03146620545884854,0.043016956531120816,0.008454409981636527,0.008645955344706469,0.026399579943649498,False,False,False,False,,
374,25,28,25-28,4,4,0.031646945109968426,0.08263957440258965,0.030831918108772886,0.006791799262720783,0.07843137254901955,False,False,False,False,,
375,12,19,12-19,8,8,0.03174965151617721,0.07938749829323112,0.02202937098986951,0.009482573748299956,0.05865546239174513,False,False,False,False,,
376,13,21,13-21,9,9,0.03207426333355265,0.06393664134329116,0.021965909684916716,0.008036818543455759,0.05279915988729922,False,False,False,False,,
377,9,22,9-22,14,14,0.03208255704072178,0.08483906458342373,0.026310086068686935,0.00841909958536508,0.06274509803921569,False,False,False,False,,
378,9,21,9-21,13,13,0.03216655680781643,0.07372909997456671,0.022708973581776957,0.008497737899174625,0.07058823529411762,False,False,False,False,,
379,13,22,13-22,10,10,0.032912704507370084,0.11845254166749812,0.03292551434673504,0.007737743942800355,0.1145588260509619,False,False,False,False,,
380,17,23,17-23,7,7,0.033322617713756074,0.17715353861405278,0.05492536307954479,0.007609650794084454,0.1725490196078432,False,False,False,False,,
381,3,12,3-12,10,10,0.033413362892469683,0.13061948933023865,0.039498167236620405,0.008576401274060974,0.08579863481686101,False,False,False,False,,
382,2,30,2-30,29,29,0.033546666048666685,0.04318856679074549,0.012564438740819089,0.010581603983339512,0.023529411764705854,False,False,False,False,,
383,11,29,11-29,19,19,0.03355201335938696,0.14165570509542452,0.043644601381948485,0.009505057099289409,0.0784313725490196,False,False,False,False,,
384,3,30,3-30,28,28,0.03360826465746786,0.11308247306897665,0.03322488532210486,0.010013059061092964,0.06274509803921569,False,False,False,False,,
385,19,26,19-26,8,8,0.033773464959940463,0.20365621452803662,0.06451399445031201,0.008047884826749886,0.19607843137254904,False,False,False,False,,
386,15,17,15-17,3,3,0.033786387408613554,0.05693369348507446,0.012763071702531208,0.010044830519609518,0.03137254901960779,False,False,False,False,,
387,2,4,2-4,3,3,0.033836211101061456,0.13506954127445514,0.039493622513864554,0.00833959152104245,0.12464285758245863,False,False,False,False,,
388,19,29,19-29,11,11,0.034173251817366884,0.16881202115072877,0.05159591846290818,0.010272796707449208,0.09411764705882347,False,False,False,False,,
389,3,26,3-26,24,24,0.03430374913128731,0.08515449205319552,0.02849138485978259,0.009628621535889685,0.06599894985912391,False,False,False,False,,
390,19,27,19-27,9,9,0.034405411626712575,0.16807758909545364,0.050698041009353156,0.008345081873218791,0.16499737464780984,False,False,False,False,,
391,7,25,7-25,19,19,0.034561266463110266,0.05769708250169287,0.02099790896681191,0.009825920465415578,0.04705882352941165,False,False,False,False,,
392,4,9,4-9,6,6,0.034802072657213176,0.17819716461963475,0.05470637992426707,0.0070710716049646695,0.17819716461963475,False,False,False,False,,
393,0,28,0-28,29,29,0.03481956853386241,0.17819716461963475,0.05469974481820056,0.0071210415933646316,0.17819716461963475,False,False,False,False,,
394,7,16,7-16,10,10,0.03560107666896575,0.0698112175941313,0.024368908408138323,0.009005792396518214,0.06274509803921569,False,False,False,False,,
395,10,16,10-16,7,7,0.03575029291045462,0.08424697082040342,0.02540960484908558,0.009515376222449681,0.04705882352941182,False,False,False,False,,
396,13,24,13-24,12,12,0.035839060587483436,0.08779498566385292,0.025020820285646426,0.009085720606867052,0.0725988448450362,False,False,False,False,,
397,12,15,12-15,4,4,0.03677522913132869,0.09166585180255604,0.025888598732291667,0.008547216448234305,0.07058823529411762,False,False,False,False,,
398,8,18,8-18,11,11,0.037082646923223994,0.1001564647005813,0.030861401302769095,0.008868785737699773,0.08441176656386673,False,False,False,False,,
399,10,25,10-25,16,16,0.03729809358275502,0.12678954162823788,0.03564696663052986,0.00856082255593157,0.12661764984579993,False,False,False,False,,
400,24,27,24-27,4,4,0.037807305704398615,0.09339071468108988,0.03573162209452854,0.00903057729413417,0.08627450980392154,False,False,False,False,,
401,3,24,3-24,22,22,0.03826568495750792,0.20459674456328436,0.06329890261968202,0.007684899640877104,0.20459674456328436,False,False,False,False,,
402,13,28,13-28,16,16,0.03858065194286626,0.13785594443568658,0.04052754767064465,0.009932655129626294,0.11091597325228464,False,False,False,False,,
403,21,25,21-25,5,5,0.03860583855470231,0.09879124456534905,0.03459703559547998,0.01044634174792026,0.05490196078431375,False,False,False,False,,
404,9,24,9-24,16,16,0.0386905230090905,0.08515449205319552,0.023345828127222485,0.01129332931544856,0.05279915988729922,False,False,False,False,,
405,21,24,21-24,4,4,0.03876295887309169,0.08685875420643586,0.03396099488743365,0.01174940423692611,0.05490196078431375,False,False,False,False,,
406,12,28,12-28,17,17,0.03900900420829991,0.14108707840045134,0.04602241001425318,0.01102884914469973,0.0784313725490196,False,False,False,False,,
407,3,25,3-25,23,23,0.0390254011945709,0.18479705960554726,0.05598928191859701,0.00809143788129607,0.18479705960554726,False,False,False,False,,
408,5,22,5-22,18,18,0.03903711800143366,0.06383760247890435,0.021037669925153518,0.008101433750227373,0.06274509803921569,False,False,False,False,,
409,7,26,7-26,20,20,0.03919767629992348,0.21322202674812338,0.06619427475438903,0.010552492907145914,0.19103361223423346,False,False,False,False,,
410,3,18,3-18,16,16,0.03924759195768852,0.1820036542349847,0.05430987661005386,0.008772957364874072,0.18039215686274507,False,False,False,False,,
411,2,26,2-26,25,25,0.039314683018343066,0.07181098961395192,0.019579338158354623,0.011771978901776729,0.04399159679380871,False,False,False,False,,
412,10,20,10-20,11,11,0.03970900808253338,0.09249247674396699,0.03040490225101964,0.01011801855152233,0.06274509803921569,False,False,False,False,,
413,20,27,20-27,8,8,0.0397861362247668,0.15007871176199325,0.04508545180729226,0.00949297478185827,0.14519768969007285,False,False,False,False,,
414,10,22,10-22,13,13,0.03995285313895338,0.10095780795518934,0.03657611618020032,0.01145546102268418,0.05490196078431375,False,False,False,False,,
415,8,21,8-21,14,14,0.04009410174328282,0.16279412123031434,0.04728735506590455,0.00917572666079706,0.16279412123031434,False,False,False,False,,
416,22,24,22-24,3,3,0.04035204729205854,0.0868668897310539,0.03488958239603948,0.011432193596459294,0.05490196078431375,False,False,False,False,,
417,14,26,14-26,13,13,0.04077957871925546,0.050986476014853295,0.00865246839611621,0.01154235454060582,0.04399159679380871,False,False,False,False,,
418,5,13,5-13,9,9,0.04152420789954192,0.12174661320695729,0.03596992457383691,0.009931561494349534,0.10997899198452221,False,False,False,False,,
419,10,21,10-21,12,12,0.04178410161541167,0.22002784236538533,0.06749946383712416,0.009820709584976562,0.21176470588235297,False,False,False,False,,
420,16,26,16-26,11,11,0.04205840505281107,0.07653373030524162,0.019330213959223085,0.012882124224052036,0.04705882352941165,False,False,False,False,,
421,20,24,20-24,5,5,0.04216557933299353,0.09594500422831602,0.03500849454761862,0.010698041797720877,0.07843137254901955,False,False,False,False,,
422,8,22,8-22,15,15,0.04244533778180528,0.16544493283313066,0.04846189407488107,0.009880724857517746,0.1647058823529411,False,False,False,False,,
423,5,15,5-15,11,11,0.042498791406395967,0.09249247674396699,0.033851294403525044,0.011645268836374106,0.05865546239174513,False,False,False,False,,
424,18,20,18-20,3,3,0.04329042943349769,0.18025500011471798,0.05367335972044799,0.009830446062540308,0.17485294502515247,False,False,False,False,,
425,3,14,3-14,12,12,0.04382755906050758,0.0875970931569763,0.02366387892644573,0.010619404718040062,0.06274509803921569,False,False,False,False,,
426,7,10,7-10,4,4,0.04417455109726675,0.22049859929673657,0.06736693409890716,0.009230122721109294,0.2196078431372549,False,False,False,False,,
427,21,29,21-29,9,9,0.044246064434028023,0.22804855305137922,0.07375011577728689,0.010639463380342745,0.19607843137254904,False,False,False,False,,
428,20,29,20-29,10,10,0.04448023634473862,0.1699162970180924,0.05828500199356745,0.012307260498990434,0.1098039215686275,False,False,False,False,,
429,2,17,2-17,16,16,0.0445417188230577,0.0999994721515631,0.03300321554320344,0.012577776849646885,0.06274509803921569,False,False,False,False,,
430,8,27,8-27,20,20,0.04481100022056199,0.20529411837110811,0.062325505394530134,0.009058079545096034,0.20529411837110811,False,False,False,False,,
431,23,27,23-27,5,5,0.045851340493154306,0.16520378904902716,0.05426146693504507,0.01060952574729029,0.1568627450980392,False,False,False,False,,
432,7,22,7-22,16,16,0.04700491980804127,0.07362967980058678,0.017624357079440888,0.011001104278156844,0.05939905487321151,False,False,False,False,,
433,22,25,22-25,4,4,0.047376123562006274,0.1902581484038485,0.06101477335215247,0.010768780079762215,0.18329831997420376,False,False,False,False,,
434,6,29,6-29,24,24,0.04908640103767917,0.3278549381774045,0.10554533196000597,0.010281186286746272,0.3215686274509804,False,False,False,False,,
435,16,23,16-23,8,8,0.04944030738945333,0.17796905168950702,0.05211540886772513,0.012127463620525318,0.16882353312773346,False,False,False,False,,
436,8,29,8-29,22,22,0.04993747785271174,0.3022902067996662,0.09559715590578921,0.00987720782332061,0.29803921568627456,False,False,False,False,,
437,15,21,15-21,7,7,0.050039838867537004,0.19089888523580428,0.0547631577202683,0.01168191160346219,0.1906302527731718,False,False,False,False,,
438,4,14,4-14,11,11,0.050215946940457654,0.0935067644136358,0.027940493648251484,0.012652431716698791,0.06274509803921569,False,False,False,False,,
439,3,17,3-17,15,15,0.05075712184742786,0.1951270636514638,0.058783189156312574,0.011152978780016169,0.19139695459145956,False,False,False,False,,
440,15,24,15-24,10,10,0.05145683859586389,0.09978024856612347,0.019647809167822886,0.015725043303964983,0.08065126078864959,False,False,False,False,,
441,0,30,0-30,31,31,0.0516848579535842,0.08515449205319552,0.013469951993861756,0.01647653513612085,0.04705882352941165,False,False,False,False,,
442,5,20,5-20,16,16,0.05194520934505688,0.1372792711393515,0.05495352117187821,0.01546756654848415,0.08798319358761775,False,False,False,False,,
443,4,23,4-23,20,20,0.05278144773923724,0.19139695459145956,0.05642025585257951,0.010478400812992969,0.19139695459145956,False,False,False,False,,
444,4,20,4-20,17,17,0.05332189999728574,0.08301459180804162,0.03128025316669397,0.014195673423419033,0.05865546239174513,False,False,False,False,,
445,4,26,4-26,23,23,0.05374059609515265,0.15179758467598514,0.040042033058261726,0.012719344724243702,0.15179758467598514,False,False,False,False,,
446,13,26,13-26,14,14,0.054041919485507864,0.20248423191581105,0.05769433226263145,0.015163511821081688,0.15397058877833092,False,False,False,False,,
447,2,22,2-22,21,21,0.0546059173865017,0.1257224950876772,0.027292520382482727,0.01641966987928831,0.07331932798968133,False,False,False,False,,
448,4,22,4-22,19,19,0.054910985575648726,0.17236331922312748,0.05406115447400732,0.013615107382190243,0.1568627450980391,False,False,False,False,,
449,31,31,31-31,1,1,0.05533859308846452,0.09551639413498818,0.034988474691430835,0.014519318441945567,0.07843137254901955,False,False,False,False,,
450,23,24,23-24,2,2,0.056128699113011396,0.12313644805521806,0.05096549717317759,0.015062644538533449,0.07843137254901955,False,False,False,False,,
451,7,20,7-20,14,14,0.05614872402598978,0.08953812335396608,0.020896428878859428,0.014840283745533065,0.05865546239174513,False,False,False,False,,
452,16,29,16-29,14,14,0.059120904528433736,0.15179758467598514,0.04940189070067698,0.013496789440040832,0.15179758467598514,False,False,False,False,,
453,6,13,6-13,8,8,0.0617345113271851,0.0915436726066478,0.026236157116051116,0.016598598956203924,0.06274509803921569,False,False,False,False,,
454,3,22,3-22,20,20,0.06292269406845188,0.1273506301274673,0.0385888526222616,0.015282368701472886,0.1019607843137254,False,False,False,False,,
455,4,21,4-21,18,18,0.06695631024460477,0.10494926719217135,0.03202984658212286,0.019564175230239088,0.05865546239174513,False,False,False,False,,
456,5,21,5-21,17,17,0.06715131441437275,0.14165570509542452,0.0449247204150354,0.020273002519163474,0.0784313725490196,False,False,False,False,,
457,7,18,7-18,12,12,0.06775547949065722,0.227513048455844,0.08666083023345604,0.015769944318115275,0.16470588235294115,False,False,False,False,,
458,17,27,17-27,11,11,0.07101846086730661,0.2748123444596416,0.08875241992571138,0.016763227985784453,0.23462184956698073,False,False,False,False,,
459,18,29,18-29,12,12,0.07277282212513234,0.27365688850881925,0.09276111263430957,0.019191555516647436,0.25079600946467107,False,False,False,False,,
460,4,15,4-15,12,12,0.0772289482197159,0.11688604059784663,0.040847109345628616,0.022919466741922474,0.07331932798968133,False,False,False,False,,
461,18,27,18-27,10,10,0.07838517807398188,0.3302653540767584,0.11317307903838283,0.017174184174268914,0.32993697595356664,False,False,False,False,,
462,14,28,14-28,15,15,0.07870127959488468,0.37422743615504295,0.11390485761598461,0.017329433783365097,0.3695941192110942,False,False,False,False,,
463,1,30,1-30,30,30,0.07922612033737247,0.10494926719217135,0.03058196467012056,0.02373679367137586,0.06274509803921569,False,False,False,False,,
464,17,29,17-29,13,13,0.0830990295642796,0.26939117633032256,0.0807503892985111,0.017404555069169266,0.2573959044505836,False,False,False,False,,
465,5,29,5-29,25,25,0.08479746256670746,0.327822010077541,0.10512412555448883,0.02001268145617347,0.3215686274509804,False,False,False,False,,
466,15,27,15-27,13,13,0.08675468840485212,0.2123675746653986,0.07769828056696952,0.02089037758023814,0.146638655979363,False,False,False,False,,
467,3,21,3-21,19,19,0.08960285644228119,0.11308247306897665,0.015808381019566952,0.025110548167588318,0.0784313725490196,False,False,False,False,,
468,12,26,12-26,15,15,0.09457887739750859,0.20812500528277347,0.05906595123417734,0.02301131532298723,0.19796218557213996,False,False,False,False,,
469,3,29,3-29,27,27,0.09601841188167365,0.1413530913362207,0.05453260309830287,0.027731382761704542,0.08627450980392154,False,False,False,False,,
470,16,28,16-28,13,13,0.10109317944864343,0.43107471432567634,0.12668420036459196,0.025458561207624852,0.3167949593237951,False,False,False,False,,
471,5,23,5-23,19,19,0.10177578316333288,0.28903898982489673,0.11760823652114714,0.025908668699958202,0.18329831997420354,False,False,False,False,,
472,30,31,30-31,2,2,0.10233428888077159,0.16495460842741685,0.044021108665382606,0.026696205722455218,0.1643529452662992,False,False,False,False,,
473,15,28,15-28,14,14,0.10807731556445324,0.28341406862393415,0.10208366550501485,0.022036198984409807,0.27450980392156854,False,False,False,False,,
474,2,29,2-29,28,28,0.10935603101341518,0.1527267750604458,0.03330650458749965,0.030334071372053687,0.09899842478868592,False,False,False,False,,
475,13,29,13-29,17,17,0.11441209328679888,0.18375901873708722,0.06967244401343448,0.03366035820877297,0.10264705918555417,False,False,False,False,,
476,22,28,22-28,7,7,0.1148757914795829,0.4003311090224597,0.16397619713122663,0.03624112673751868,0.2196078431372549,False,False,False,False,,
477,12,29,12-29,18,18,0.11638253309911753,0.5798047450578029,0.1960868437314727,0.03145491411210742,0.3215686274509804,False,False,False,False,,
478,14,29,14-29,16,16,0.11727684654233386,0.18539224247960756,0.08123198023632579,0.03591584414679678,0.10264705918555417,False,False,False,False,,
479,3,16,3-16,14,14,0.1182278724442127,0.26962582345617614,0.09532370025115994,0.027708556874823653,0.16863445437626712,False,False,False,False,,
480,15,29,15-29,15,15,0.12212394259228201,0.18539224247960756,0.07208293695363534,0.03590036981700586,0.15179758467598514,False,False,False,False,,
481,22,27,22-27,6,6,0.12230936513948856,0.3500603739193681,0.11299028694552987,0.028735134275892717,0.2196078431372549,False,False,False,False,,
482,11,26,11-26,16,16,0.1235815728640918,0.7524862875977615,0.23895489488116695,0.027384450782360428,0.7294117647058824,False,False,False,False,,
483,4,29,4-29,26,26,0.12358844357274121,0.3359836952474495,0.0980358681800703,0.03390906889168228,0.3215686274509804,False,False,False,False,,
484,17,28,17-28,12,12,0.12546514448313037,0.4073189412233351,0.13849210970755046,0.02970660545490833,0.351932774350471,False,False,False,False,,
485,23,28,23-28,6,6,0.1269329304853547,0.972275200176022,0.31960024624182276,0.024445577161331992,0.9458193310668909,False,False,False,False,,
486,6,27,6-27,22,22,0.135447206350889,1.012053269332449,0.3313862919740129,0.021711283300672492,1.011764705882353,False,False,False,False,,
487,10,28,10-28,19,19,0.1544574977633943,1.1353005984558897,0.370798460410382,0.03258041319271211,0.8381866632108743,False,False,False,False,,
488,6,28,6-28,23,23,0.16358842431067833,0.9563445751016971,0.3094133124579919,0.03220140455462632,0.9311554654689547,False,False,False,False,,
489,7,28,7-28,22,22,0.16456328703515322,1.244957658980786,0.4083996810786465,0.03952906086662072,0.9458193310668909,False,False,False,False,,
490,11,28,11-28,18,18,0.18313493399049424,0.35338272834055195,0.14322156437764752,0.05179250802196382,0.20392156862745098,False,False,False,False,,
491,5,26,5-26,22,22,0.24010170658909358,0.9976536122130854,0.36598873960755185,0.03951124525748617,0.996078431372549,False,False,False,False,,
492,20,28,20-28,9,9,0.2423164880189293,1.0447091355791431,0.31973383960293594,0.05815351626268423,0.9882352941176471,False,False,False,False,,
493,21,28,21-28,8,8,0.25869227572597475,1.3756657403911672,0.4344680301853168,0.06740108612514355,0.9803921568627452,False,False,False,False,,
494,18,28,18-28,11,11,0.26186712618033514,0.43093869330943874,0.11478309730181485,0.07191897069392719,0.27450980392156854,False,False,False,False,,
495,1,28,1-28,28,28,0.27028159062986246,0.32206623338845963,0.05651007572160834,0.08210580803009042,0.20392156862745092,False,False,False,False,,
496,19,28,19-28,10,10,0.29010347379944657,0.36941914296936246,0.06981648575090979,0.07505607114039572,0.3058823529411765,False,False,False,False,,
497,0,29,0-29,30,30,0.3527129932361149,0.367518037474174,0.020382469928033966,0.1104352881576262,0.20392156862745092,False,False,False,False,,
498,29,31,29-31,3,3,0.4010844425698698,1.3260187222043238,0.4506120883037182,0.08985979507876227,0.996078431372549,False,False,False,False,,
499,6,26,6-26,21,21,0.42116459547282437,1.5878345663843885,0.5589524782548304,0.09198466394586181,0.996078431372549,False,False,False,False,,
500,28,31,28-31,4,4,0.5368675853223148,1.3367674535967353,0.5425634525593626,0.1260039840699514,0.996078431372549,False,False,False,False,,
501,27,31,27-31,5,5,0.7717606887571431,1.7951842599700043,0.7955921966623875,0.24227864968658425,0.996078431372549,False,False,False,False,,
502,15,31,15-31,17,17,0.7828933622794106,1.3428543676940976,0.2594827713607514,0.24321094384188965,0.7450980392156863,False,False,False,False,,
503,26,31,26-31,6,6,0.8181152342812034,1.7951842599700043,0.7556486412294495,0.25397077415859026,0.996078431372549,False,False,False,False,,
504,14,31,14-31,18,18,0.9139809696590344,1.6538311686337834,0.42023161515752494,0.2887008001821886,0.9176470588235294,False,False,False,False,,
505,13,31,13-31,19,19,0.9751608713797065,1.6111881883470485,0.3239003057548936,0.3040190726764524,0.8941176470588235,False,False,False,False,,
506,12,31,12-31,20,20,1.0532586246478113,1.720783159442579,0.43903034998031415,0.32481607603790996,0.9411764705882353,False,False,False,False,,
507,17,31,17-31,15,15,1.1283638763513328,1.7452954721567329,0.2959161686841567,0.3547985316295816,0.996078431372549,False,False,False,False,,
508,7,31,7-31,25,25,1.1342090582221263,1.583402363329198,0.29849417081915686,0.3444403984426899,0.8784313725490196,False,False,False,False,,
509,16,31,16-31,16,16,1.162530262275017,1.633461005140256,0.2730679213860477,0.36369995733337535,0.9238235326699865,False,False,False,False,,
510,5,31,5-31,27,27,1.1722844327726767,1.409446444142824,0.12412119602809513,0.36588073037718694,0.8211764734844323,False,False,False,False,,
511,2,31,2-31,30,30,1.1839700652243668,1.4005812863372618,0.1881888395669936,0.35741012311187376,0.9333333333333333,False,False,False,False,,
512,6,31,6-31,26,26,1.1885969205575178,1.5561730200780173,0.20148145164499362,0.3624247580563703,0.8784313725490196,False,False,False,False,,
513,10,31,10-31,22,22,1.2025208055296734,1.3141706108033524,0.05475360543216994,0.37471874429773677,0.7523880283940132,False,False,False,False,,
514,24,31,24-31,8,8,1.202908303601971,1.7951842599700043,0.6792074779046101,0.3669431714582526,0.996078431372549,False,False,False,False,,
515,25,31,25-31,7,7,1.2145393494115662,1.7951842599700043,0.6806686061687299,0.37332698267649805,0.996078431372549,False,False,False,False,,
516,3,31,3-31,29,29,1.2255090534100508,1.506596170477941,0.13886969493205203,0.3795654673361896,0.9411764705882353,False,False,False,False,,
517,4,31,4-31,28,28,1.261162192294523,1.598657318992964,0.15505594138829046,0.3915088779257534,0.9411764705882353,False,False,False,False,,
518,21,31,21-31,11,11,1.270755955617976,1.7669136417027602,0.38656021458202255,0.39619947485429013,0.9803921568627452,False,False,False,False,,
519,9,31,9-31,23,23,1.288105219950227,1.5687824041369998,0.16012822771524363,0.4065456554297895,0.8705882352941177,False,False,False,False,,
520,11,31,11-31,21,21,1.3380958974081605,1.7190654566977637,0.3109465509198123,0.4147876335515969,0.9411764705882353,False,False,False,False,,
521,1,31,1-31,31,31,1.338464346479285,1.3713735597128398,0.013667179999953222,0.42542565754548944,0.7607843137254902,False,False,False,False,,
522,8,31,8-31,24,24,1.3513153924305228,1.6076086339065983,0.19419565217209048,0.4098727990439537,0.9568627450980391,False,False,False,False,,
523,18,31,18-31,14,14,1.4782381373407953,1.7810489508363823,0.2197547944269569,0.44718064495468823,0.996078431372549,False,False,False,False,,
524,20,31,20-31,12,12,1.4830204179305686,1.7868343284472235,0.29191570727700794,0.4556825961220875,0.996078431372549,False,False,False,False,,
525,22,31,22-31,10,10,1.591735113143475,1.7868343284472235,0.32278061298766797,0.5026422066644846,0.996078431372549,False,False,False,False,,
526,19,31,19-31,13,13,1.602874179368607,1.7951842599700043,0.26498823641330616,0.5034348137069155,0.996078431372549,False,False,False,False,,
527,23,31,23-31,9,9,1.6854275102484597,1.7951842599700043,0.12739078570839174,0.5339013212603262,0.996078431372549,False,False,False,False,,
528,0,31,0-31,32,32,1.7907914927876083,1.8237019083583756,0.013668113535041881,0.5691076115170242,1.011764705882353,False,False,False,False,,
